UW Computer Sciences User Pages UNIVERSITY OF WISCONSIN–MADISON Computer Sciences User Pages An optional tagline; don't use unless really needed Toggle navigation CS Department Homepage The following users have home pages on our server. To create your own home page read the instructions at The CSL Web Services FAQ. A, B, C, D, E, F, G, H, I, J, K, L, M, N, O, P, Q, R, S, T, U, V, W, X, Y, Z A Mridul Aanjaneya (aanjneya) Tristan Abbott (tabbott) Ahmad Abdull Rashid (ahmad) Anubhavnidhi Abhashkumar (anubhavnidhi) Ashraf Aboulnaga (ashraf) Eric Aderhold (aderhold) Henry Adkison (adkison) Barnabas Adrian (barnabas) David Aeschlimann (daeschli) ABHINAV AGARWAL (agarwal72) Sonu Agarwal (sonu) Tejaswi Agarwal (agarwalt) Vaibhav Agarwal (vagarwal) Nidhi Aggarwal (aggarwal) Saurabh Aggarwal (saurabha) Ankit Agrawal (aragrawal) Dheeraj Agrawal (dheeraj) Nitin Agrawal (nitina) Alejandro Aguina (aguina) Ahmet Ahunbay (ahunbay) Ross Aiken (aiken) Anastassia Ailamaki (natassa) Jemiah Aitch (jemiah) Aditya Kumar Akash (aka) Aditya Akella (akella) Abdullah Akhtar (akhtar) Majid Aksari (majid) Samer Al Kiswany (samera) Anas AL-Rasbi (anas) Iliyas Alabdulaal (iliyas) Ramnatthan Alagappan (ra) Alaa Alameldeen (alaa) Aws Albarghouthi (aws) Danielle Albers (dalbers) Ian Alderman (alderman) Eric Alexander (ealexand) Chris Alfeld (alfeld) Scott Alfeld (salfeld) Mostafa Ali (mostafa) Rob Alio (alio) SRIRAM ALLA (alla) Venkat Allam (allam) David Allen (dallen) Matthew Allen (matthew) Alden Almagro (alden) Jbn Almanea (jbn) Majed Almansoori (majed) Jussara Almeida (jussara) Moayad Alnammi (moayad) Saleh Alqaryan (saleh) Abdul Altiti (abdul) Christopher Alvin (calvin) Margo Amatuzio (margo) Andrew Ambler (ambler) Tyler Ambroziak (ambrozia) Jacob Aminia (aminia) Randy Amundson (randy) Shyamal Anadkat (shyamal) Ashok Anand (ashok) Manoj Ananthapadmanabhan (amanoj) Gerald Anders (anders) Tycho Andersen (tycho) Alex Anderson (alexv-anderson) Eric Anderson (eanderson) Matthew Anderson (manderso) Matthew Anderson (mwa) Nathan Anderson (nwa) Milica Andric (milica) Sean Andrist (sandrist) David Andrzejewski (andrzeje) Cecile Ane (ane) . Anjali (anjali5) Mohammed Hidayath Ansari (ansari) anisha Apte (anisha) Himani Apte (himani) Supanida Arayametee (supanida) Adel Ardalan (adel) Newsha Ardalani (newsha) Stephanie Arndt (stephani) Dorian Arnold (darnold) Jeffrey Arnold (jarnold) ANDREA ARPACI-DUSSEAU (dusseau) REMZI ARPACI-DUSSEAU (remzi) Daniel Arroyo (arroyo) Anthony Arsta (arsta) Joy James Arulraj (joy) Leo Prasath Arulraj (arulraj) Piramanayagam Arumuga Nainar (arumuga) Renata Aryanti (renata) Enriko Aryanto (enriko) Nathan Aschenbach (denrei) Brian Asen (asen) Shrinivas Ashwin (sashwin) Joe Atkins (atkins) Robert Atlas (ratlas) Timothy AuBuchon (aubuchon) Todd Austin (austin) Ahmed Ayad (ahmed) Baris Aydinlioglu (baris) B James Babb (babb) Eric Bach (bach) Nitin Bahadur (bnitin) Timothy Bahls (bahls) Dan Bai (dbai) Yijing Bai (byj) Akanksha Baid (baid) Timothy Bailen (bailen) Alan Bailey (awbailey) Alyssa Bailey (alyska) Lakshmi Bairavasundaram (laksh) Raja Bala (meetraja) Arini Balakrishnan (arinib) Gogul Balakrishnan (bgogul) Saisanthosh Balakrishnan (saisanth) Yu Balasingam-Chow (balasing) Raghuraman Balasubramanian (ragh) Jeff Ballard (ballard) Patrick Baltz (pbaltz) Sourav Bandyopadhyay (sourav) SUMAN BANERJEE (suman) Tarun Bansal (tarun) Jiawen Bao (bao) Andrew Baptist (abaptist) Andrew Barcinski (barcinsk) PAUL BARFORD (pb) Cheryl Barkauskas (cbark) Siddharth Barman (sid) Aubrey Barnard (barnard) Steve Barnet (barnet) Elias Barrett-Wilt (elias) Anthony Barthell (barthell) Aaron Bartholomew (bartholo) Aditya Barve (asbarve) Boris Baryshnikov (boris) Dmitry Basavin (basavin) Saranya Baskaran (sbaskaran3) Jim Basney (jbasney) Arkaprava Basu (basu) Mehul Basu (mbasu) DOUGLAS BATES (bates) Om Jagdish Bathija (om) Sean Bauer (sbauer) Sara Bauman (dailey) Karan Bavishi (kbavishi) Kevin Beach (kbeach) Douglas Beal (dougbeal) DEREK BEAN (derekb) Chandra Bearden (bearden) Nick Bearson (bearson) Tyler Beatty (beatty) Bryan Beaumont (beaumont) Mick Beaver (mick) Jonathan Beavers (beavers) Ryan Bebeau (bebeau) Bradford Beckmann (beckmann) Jennifer Beckmann (jbeckham) Steven Beczkiewicz (beczkiewicz) Tarun Bedi (tarunbedi) Tucker Bell (tbell) Dhruv Bellani (dbellani) TIMOTHY BENDFELT (bendfelt) Gina Benninger (ginab) Reidar Benson (reidar) Theophilus Benson (tbenson) John Bent (johnbent) Richard Benton (rcbenton) William Benton (willb) Stephen Berg (berg) Steven Bergman (sbergman) Matthew Berman (mberman) Andrew Bernat (bernat) Matthew Bernstein (matthewb) John Bethencourt (bethenco) Michael Bethencourt (michaelb) Kevin Beyer (beyer) Todd Bezenek (bezenek) Krishaan Bhagat (krishaan) Chirag Bhardwaj (chirag) Dhruv Bhoot (bhoot) Bryan Bigari (bbigari) Bin Nur (puteri) Alexander Bird (bird) Ana Bishop (bishop) Victor Bittorf (bittorf) Pedro Bizarro (pedro) Jack Blake (jblake) Spyridon Blanas (sblanas) TANNER BLANKE (blanke) Alexandre Blardone (blardone) Stephane Blardone (stephane) Patrick Blesi (blesi) Michael Blodgett (mblodget) Amy Blossom (blossom) Jayaram Bobba (bobba) Joseph Bockhorst (joebock) Marton Bocsi (marton) Christopher Bodden (cbodden) Eric Bohl (bohl) Westley Bonack (westley) Jia Shen Boon (boon) Curtis Bosse (curtis) Dominic Bourget (bourget) Robert Bourguignon (bourguignon) Brian Bowers (blbowers) Cameron Boyd (cboyd) Kendrick Boyd (boyd) Duncan Boynton (boynton) COLLEEN BRABENDER (brabend) Amarveer Brar (amarveer) Timothy Brauer (brauer) Scott Breach (breach) Dane Breaker (breaker) Jason Breck (jbreck) Aaron Bregger (bregger) Tanner Breisch (tanner) NIKOLAS BRENDEL (brendel) Mitchell Brenner (mbrenner) Nicholas Bridle (nbridle) Vladimir Brik (vladimir) Michael Brim (mjbrim) Andrew Broman (afbroman) Karl Broman (broman) Gregory Bronner (gbronner) Alexander Brooks (albrooks) Hunter Brooks (hbrooks) Aaron Brown (abrown) Armageddon Brown (armagedd) Stephen Brown (sbrown) Thomas Brunet (tomab) Aaron Bryden (bryden) Trevor Brzycki (brzycki) Det Buaklee (det) Ethan Budd (budd) Mikayla Buford (mikayla) Khai Bui (kbui) Nick Burek (burek) Douglas Burger (dburger) JOSEF BURGER (bolo) Henry Burke (hburke) Neel Burman (burman) Nathan Burnett (ncb) Colin Burreson (burreson) Blake Butkowski (butkowsk) J. Adam Butts (butts) Winfred Byrd (wbyrd) Brian Byrne (byrne) John Byrne (jbyrne) C Michael Cahill (mcahill) JIN-YI CAI (jyc) Mu Cai (mucai) Ting Cai (tingcai) Walter Cai (wcai) Willa Cai (willa) Zhicheng Cai (zhicheng) Zhuowei Cai (zhuoweic) Declan Cain (declan) Harold Cain (cain) DAVID CALLAN (callan) Haijun Cao (caohj) KHOA Cao (khoa) Pei Cao (cao) Yichuan Cao (yichuan) Zhiwei CAO (zcao) TYLER CARAZA-HARTER (harter) Michael Carey (carey) Jonathan Cargille (jcargill) Alexander Carpenter (acarpent) Myles Carpenter (myles) Jason Carrington (jcarrington) Casey Carstens (carstens) Tim Cartwright (cat) Kevin Caswick (caswick) Charles Caton (caton) Rose Ceccio (ceccio) Nicholas Cerfus (cerfus) Joseph Chabarek (jpchaba) Tianhao Chai (tianhao) Xiaoyong Chai (xchai) Venkatesan Chakaravarthy (venkat) Koushik Chakraborty (kchak) Rajiv Chakravorty (rajiv) Dakota Chambers (dakota) Jerry Champeau (champeau) Chee-Yong Chan (cychan) Eric Chan (echan) Tung Chan (tung) Yau Chan (ychan) Thevaasiinen Chandereng (thevaasi) Varun Chandrasekaran (chandrasekaran) Kaushik Chandrasekhar (kaushikc92) Brian Chang (brian_chang) Chih-Ching Chang (chih-ching) Huai-Dan Chang (huai-dan) Jichuan Chang (chang) Matthew Chang (mrc) Richard Chang (pdc) Leo Chao (chaol) Mark Chapman (chapman) Denis Charles (cdx) Deborah Chasman (chasman) Timothy Chasseur (chasseur) Rahul Chatterjee (chatterjee) Anmol Chaturvedi (anmol) Sejal Chauhan (sejalc) Shuchi Chawla (shuchi) Sugadev Chellakkannu (sugadev) Brandon Chelstrom (chelstrom) Bee-Chung Chen (beechung) Chunhui Chen (chunhui) Dax Chen (dax) Fan Chen (fanchen) Fei Chen (fchen) Guangshun Chen (guangshu) Han Chen (hanchen) Han-yin Chen (han-yin) Jiajie Chen (chen) Jianjun Chen (jchen) Jiaqin Chen (jiaqin) JIEFENG CHEN (jiefeng) Lei Chen (chenl) Qun Chen (qun) Ting Chen (tchen) TYLER Chen (chent) Wei-Chen Chen (zarcen) Xiyang Chen (xiyang) Yifan Chen (yifan) Yizheng Chen (brisk) Youmin Chen (ym) Yudong Chen (yudongchen) YUNANG CHEN (yc) Zhengyi Chen (zhengyi) Jason Cheng (jcheng) Jia Cheng (jiacheng) Michael Cheng (mcheng) Songyang Cheng (songyang) Stephen Chenney (schenney) Kai Cheung (kai) Matthew Chi (mchi) Su-Hui Chiang (suhui) Yueh-Hsuan Chiang (yhchiang) Mark Chiarulli (chiarull) PAUL CHICOS (chicos) Peter Chien (zhiguang) Yi-fan Chien (yi-fan) Andrew Childs (childs) ANURAG Chinnaboina (chinnaboina) Kiran Chitluri (kiran) Dongyoung Cho (chonie) Eric Choi (echoi) Jihye Choi (jihye) Jin Yong Choi (jinc) Kwongchak Choi (kwongcha) Sher Chong (sher) Koon Chow (kchow) Kim Choy (choy) Michael Christianson (mchristianson) Michael Christie (michaelc) Mihai Christodorescu (mihai) Yannis Chronis (chronis) Eric Chu (ericc) Hau Chu (hau) Lun-Cheng Chu (lc) Robert Chu (rchu) Zhonghua Chu (zhonghua) Chao-Hsiang Chung (seanchung) Dongjun Chung (chungdon) MOO CHUNG (mchung) Paul Chung (pchung) Chris Churas (churas) Joseph Ciardelli (ciardell) Gregory Cipriano (gregc) Murray Clayton (clayton) Tim Cluff (cluff) Alexander Coad (coad) Mark Coatsworth (coatsworth) BRIANNA COCHRAN (bcochran2) Geoffrey Cohn (geoffrey) Harrison Colcord (colcord) Nicholas Coleman (ncoleman) Eli Collins (eli) Maxwell Collins (mcollins) Nathan Collins (collins) PARKER COLOGNA (cologna) Computer Systems (labacct) Ali Contractor (contract) Gregory Cooksey (cooksey) Wiley Corning (wjlc) Michael Correll (mcorrell) Peter Couvares (pfc) Matthew Coward (coward) Mark Cowlishaw (mcowlish) Em Craft (craft) Mark Craven (craven) Benjamin Creelman (creelman) Logan Crooks (lcrooks) Sean Crosby (smcrosby) Samuel Crowley (crowley) CS Club (csclub) Erin Cunningham (erin) Alexander Curtis (acurtis) Paul Cychosz (cychosz) JOHN CYPHERT (jcyphert) Saman Cyrus (saman) Tim Czerwonka (timc) D LORIS D'ANTONI (loris) GARY DAHL (dahl) Rami Dahman (rami) Bin Dai (dai) Chengtao Dai (chengtao) Yifan Dai (yifann) Joseph Dailey (jdailey) RIDAY Dalal (riday) Aiden Dally (dally) Rohit Damkondwar (rdamkondwar) Yiye Dang (yiye) Michael Dant (mdant) Aaron Darling (darling) Aditya Das Sarma (adassarma) Manuvir Das (manuvir) Sanjib Das (sanjibkd) Sourav Das (souravd) Anusha Dasarakothapalli (anusha) Benjamin Davenport (davenpor) XAVER DAVEY (xaver) Andrew Davidson (davidson) Brandon Davis (bdavis) Jesse Davis (jdavis) Jake Dawley-Carr (jdc) DB Book (dbbook) DE ASSIS (de-assis-ramalho-lim) CARL-WILHELM DE BOOR (deboor) Lorenzo De Carli (lorenzo) Pierre De filippis (de-filip) De La (dfuente) Alan De Smet (adesmet) Shaleen Deep (shaleen) Cole Delong (delong) Yvette Delvoye (yvette) Mehmet Demirel (demirel) Peter Den Hartog (peter) Timothy Denehy (tedenehy) Dongdong Deng (dongdong) Geng Deng (geng) James Deng (jdeng) Debra Deppeler (deppeler) Dhruv Desai (ddesai) Brian Desarmo (desarmo) EDOUARD DESAUTELS (ed) Harshad Deshmukh (harshad) Alok Deshpande (deshpand) Prasad Deshpande (pmd) Sharanya Devaraj (sdevaraj) DEVise Project (devise) Colin Dewey (cdewey) David DeWitt (dewitt) Dylan Dewitt (ddewitt) Mamadou Diallo (mdiallo) Andrew Dibble (dibble) Paul Dickey (pdickey) Ross Dickson (dickson) Scott Diehl (sfdiehl) Frank Dimaio (dimaio) CONG DING (congding) JINGHU DING (jinghu) Shilin Ding (sding) LAURA DINH (dinh) Tuan Dinh (tuandinh) Marc Dionne (dionne) Nicholas Dipiazza (dipiazza) Enrico Djapara (enrico) Jae Young Do (jae) Thanh Do (thanhdo) AnHai Doan (anhai) Michael Doescher (doescher) Mark Dolan (mdolan) Matthew Dolloff (dolloff) Mark Domowicz (domowicz) William Donaldson (wwd) Hangying Dong (hangying) Qunfeng Dong (qunfeng) Donko Donjerkovic (donjerko) Ryan Donnelly (donnelly) MASON DORGAN (dorgan) Gabriel Dottl (dottl) Christopher Dragga (dragga) Samuel Drews (sdrews) Evan Driscoll (driscoll) Zhilin Du (zdu) Katherine Dudenas (dudenas) Polina Dudnik (pdudnik) Thomas Duffield (duffield) JACOB DUFFY (jduffy) Ramakrishnan Durairajan (rkrish) Matt Durch (durch) Matthew Dutson (dutson) Oliver Dutta (oliver) William Dwyer (wdwyer) Chuck DYER (dyer) E Thomas Eastman (eastman) Benjamin Eaton (eaton) Carl Edquist (edquist) Evan Edwards (eedwards) Stephen Eick (eick) Natasha Eilbert (eilbert) Rikhardur Einarsson (rikhardu) Jacob Ela (ela) Pradheep Elango (pradheep) Mohamed Eldawy (eldawy) Damilola Elegbede (damilola) Alex Elevathingal (elevathingal) Michael Elgar (elgar) Tina Eliassi-Rad (eliassi) Nada Elkordi (nada) Christian Elowsky (elowsky) Adam Engelhart (abe) Thomas Engle (englet) KEVIN ENGLISH (kenglish) COLLIN ENGSTROM (engstrom) Brett Epps (epps) Vuk Ercegovac (vuk) Aaron Erkenswick (erkenswi) Edward Erker (erker) Michael Ervin (ervin) Dustin Esser (dustine) Cristian Estan (estan) Samuel Etler (etler) Westley Evans (evanswes) Kyle Everson (keverson) Adam Everspaugh (ace) FAlex Faber (afaber) Tony Fairbanks (fairbank) Michael Falk (mtf) Kejia Fan (kejiaf) Shaohua Fan (shaohua) Ying Fan (yingfan) Wenbin Fang (wenbin) Yidong FANG (edydfang) Benjamin Farley (farleyb) Matthew Farrellee (matt) Robert Faust (faust) Sean Felderman (felderman) Xixuan Feng (xfeng) Zhili Feng (zfeng49) Jason Feriante (feriante) Michael Ferris (ferris) Alexander Ferrugia (ferrugia) Blayne Field (bfield) DANIEL FINER (dfiner) Michael Fink (mfink) David Finton (finton) Raymond Firebaugh (firebaugh) Charles Fischer (fischer) Shaun Fischer (shaun) Jesse Fish (fish) Alexis Fisher (afisher) Shia Fisher (shia) Austin Fisk (fisk) Jason Fletchall (fletchal) Avrilia Floratou (floratou) Caleb Floyd (floyd) Data Fok (data) Jason Forbes (jforbes) Brian Forney (bforney) Justin Forrester (jforrest) Joseph Fortman (jfortman) Alireza Fotuhi Siahpirani (fotuhi-s) Camille Fournier (camille) Window Frame (winframe) CASEY FRANK (cfrank) Jason Franklin (jfrankli) Alexander Frase (frase) Paul Freck (freck) Matthew Fredrikson (mfredrik) Jeffrey Freschl (jfreschl) Jaime Frey (jfrey) Ryan Fruit (fruit) Kangqi Fu (kangqi) ZACHARY FUJII (fujii) Glenn Fung (gfung) William Funkhouser (wfunkhouser) Giordano Fusco (fusco) G Leonidas Galanis (lgalanis) Joshua Galgon (galgon) Sajika Gallege (sgallege) Vinod Ganapathy (vg) Jayneel Gandhi (jayneel) Aishwarya Ganesan (ag) Vinay Gangadhar (vinay) Changyu Gao (changyu) Ethan Gao (ygao) Ming Gao (mingg13) Xiaoyang Gao (xgao) Yue Gao (gao) Yue Gao (gy) Jose Garcia Chavez (garcia-chavez) Andrew Gardner (gardner) Vikas Garg (vikas) Payton Garland (payton) Minos Garofalakis (minos) Shane Garrick (sgarrick) James Gast (jgast) Anupraas Gautam (anupraas) Ezra Ge (enzeg) Johannes Gehrke (johannes) Nicholas Geib (njg) Benjamin Geisler (bgeisler) Aaron Gember-Jacobson (agember) ANDREW GENG (ageng) Evan Geng (egeng) HUI Geng (hgeng) Zhigeng Geng (zgeng) Austin Gent (gent) Ahmed Ghanem (akghanem) Hamid Reza Ghasemi (hamid) Amanda Gibbs (agibbs) Bryan Gibson (bgibson) Daniel Gibson (gibson) Michael Gibson (mgibson) Michael Giesler (giesler) Rebekah Gietzel (bgietzel) Jonathon Giffin (giffin) Christopher Gilbertson (gilbertson) JOHN GILLETT (jgillett) Charles Gilliland (gillilan) Michael Gilson (gilson) Michael Gira (gira) Michael Gleicher (gleicher) Kristopher Glesener (glesener) David Gloede (dlgloede) Paul Gnanaprakash Christopher (paulgc) Laura Goadrich (goadl) Mark Goadrich (richm) Rahul Godha (rgodha) Neha Godwal (nehag) Shrehit Goel (shrehit) Vikas Goel (vikasgoel) Andrew Goethel (goethel) Benjamin Goh (bgoh) Wen-Han Goh (wen-han) Chaitanya Gokhale (cgokhale) Andrew Goldberg (goldberg) Saikat Gomes (saikat) Benjamin Gonzalez (bgonzalez) Juan Gonzalez (juan) Sean Gonzalez (gonzalez) ULISES Gonzalez (hulises) Balaji Gopalan (balaji) Denis Gopan (gopan) Brooklin Gore (bgore) Aaron Gorenstein (agorenst) Chris Gottsacker (gottsacker) Conlan Gotzion (conlan) Yash Govind (ygovind) Venkatraman Govindaraju (venkatra) Vidhya Govindaraju (vidhya) Rasiga Gowrisankar (rasiga) Bhavya Goyal (bhavya) Neelam Goyal (neelam) Rishab Goyal (rishab) Saurabh Goyal (saurabh) Sangeetha Grama Srinivasan (sgsrinivasa2) Robert Grandl (rgrandl) Erin Grasmick (egrasmic) Eric Green (ergreen) Ogden Greene (ogden) Evan Greenland (evan) Franklin Greve (fgreve) Thomas Griebel (griebel) Michael Griglak (griglak) Brent Grimm (grimm) Nathaniel Griswold (griswold) Igor Grobman (igor) Cory Groom (groom) Michael Grossheim (grosshei) Bradley Grzesiak (grzesiak) Thomas Gu (tgu) Tyler Gu (tylerg) Zhicheng Gu (zhichenggu) Ruiwen Guan (ruiwen) David Guild (guild) Akhil Guliani (guliani) Rishi Gummella (gummella) Erika Gunadi (egunadi) Sathyanarayanan Gunasekar (sathya) Haryadi Gunawi (haryadi) Cyrus Guo (alphacat) Guodong Guo (gdguo) Heng Guo (hguo) Hongfei Guo (guo) Olly Guo (olly) Ruite Guo (ruite) Wilson Guo (wguo) Zhengyang Guo (zguo) Zhihan Guo (zhihan) Anant Gupta (anant) Anoop Gupta (ganoop) Anurag Gupta (anurag) Archit Gupta (archit) Gagan Gupta (gagang) Mohit Gupta (mohitg) Nikhil Gupta (nikhil) SAPAN GUPTA (sapan) Shantanu Gupta (sgupta) Sooraj Gupta (sooraj) Ibrahim Gurbuz (gurbuz) FELIPE GUTIERREZ BARRAGAN (felipe) Zachary Gutt (gutt) H Will Hagedorn (hagedorn) Ken Hahn (khahn) Todd Hahn (tthahn) Cameron Hall (chall) Nancy Hall (nhall) Nicholas Hall (nah) Tristen Hallock (tristen) COREY HALPIN (chalpin) Peter Halseth (phalseth) Brent Halsey (bhalsey) Alan Halverson (alanh) Jeff Hamblin (hamblin) Caleb Hamilton (chamilton) Matthew Hammer (hammer) Donghyeop Han (dhan1) Yingxin Han (yingxin) Youmin Han (youmin) Bruhathi Handanahal Sundarmurthy (bruhathi) Christian Handsaker (handsake) Thomas Hangelbroek (hangelbr) Josiah Hanna (jphanna) Ed HANSEN (edh) Andrew Hanson (hanson) Joseph Hanson (jhanson) Bihui Hao (bihui) Wei Hao (whao) Labbie Hardware (hardware) Joshua Hare (hare) Swapnil Haria (swapnilh) Pacia Harper (pacia) Colin Harris (colin) William Harris (wrharris) Ben Harrison (bharrison) Andrew Harron (harron) Lance Hartung (hartung) Austin Hartzheim (hartzheim) John Harvey (harvey) Beck Hasti (hasti) Amy Hauth (kryder) William Haynes (haynes) Joel Haynie (haynie) Susan Hazlett (shazlett) David He (dhe) Jun He (jhe) Keqiang He (keqhe) Yeye He (heyeye) SUHAS SHRIPAD HEBBAR (suhasshripad) Rachel Heck (heckr) Scott Heckel (sheckel) Florian Heimerl (heimerl) Cade Heinberg (heinberg) Eric Heinz (heinz) Chanmonirathtanak Hen (chanmonirathtanak) Michael Henderson (mvhender) Scott Hendrickson (hendrick) Larry Hendrix (lhendrix) Lijie Heng (ljheng) Jordan Henkel (jjhenkel) Zachary Henkel (zhenkel) Barry Henrichs (henrichs) MICHAEL HER (mher) Ananya Heroor (heroor) Joel Hestness (hestness) Eric Hielscher (hielsche) Jake Hilborn (hilborn) Brandon Hill (bhill) Isaac Hill (ihill) James Hill (jshill4) Mark Hill (markhill) Phillip Hill (phill) Theodora Hinkle (thea) Christopher Hinrichs (hinrichs) Ali Hitawala (alihitawala) Jackson Hitzeman (hitzeman) Andrew Hochhaus (hochhaus) Martin Hock (mhock) Robert Hoelz (hoelz) Nicholas Hoff (hoff) William Hofkamp (hofkamp) Daniel Hofmeister (dhofmeister) Noah Holland (holland) Jeffrey Hollingsworth (hollings) Allison Holloway (ahollowa) ROBERT HOLLOWAY (bobh) AUSTIN HOLMES (aholmes) Jesse Holzer (holzer) Ye Hong (yhong) Ashish Hooda (hooda) Susan Horwitz (horwitz) Ron Hose (hose) Aaron Hou (hou) Richard Houng (houng) Caden Howell (caden) Caitlin Howell (caitlin) Kevin Hsiung (hsiung) Justin Hsu (justhsu) Peter Hsu (peterhsu) Bingxu Hu (bingxu) Guanzhou Hu (josehu) Ivan Hu (ihu) Jieru Hu (jieru) Qinheping Hu (qhu28) Rain Hu (rain) Shiliang Hu (shiliang) Ying Hu (yhu) Zeyuan Hu (zeyuan) Charles Huai (huai) Chien-Ming Huang (cmhuang) Jiansheng Huang (jhuang) Lichengxi Huang (lichengxi) Lilian Huang (lilian) Shuang Huang (huangs) Weiqing Huang (whuang) Yidong Huang (yidong) Yinggang Huang (yinggang) Yuming Huang (yumingh) Zachary Huang (zacharyh) Zheng Huang (zhuang) James Hughes Jr (hughes-j) Jared Huling (huling) Martin Hulth (mhulth) Owen Hunt (hunt) Adam Hupp (hupp) Andrew Hutcheson (ahutch) Seong Jae Hwang (sjh) I Ozcan Ilikhan (ilikhan) Michael Iltis (iltis) William Immendorf (wimmendorf) Atul Ingle (ingle) Yannis Ioannidis (yannis) ISCA2005, (isca2005) Mazharul Islam (mazharul) Vamsi Ithapu (vamsi) Mao Ito (yamamoto) Igor Ivanisevic (iigor) John Iverson (riverson) Nicholas Ives (ives) Masato Iwasaki (masato) Sahana Iyer (sahana) J Adam Jackson (ajackson) Bruce Jackson (brucej) Sam Jackson (sjackson) Steven Jackson (sjackso) Ayush Jadhav (ajadhav) Omsai Jadhav (omjadhav) Ivan Jaen Marquez (ivanjaenm) Allyson Jahn (jahn) Apul Jain (apul) Divyank Jain (divyank) Rutwik Jain (rnjain) SRUJAY Jakkidi (srujay) Mona Jalal (jalal) Dean Jansa (djansa) Karthik Jayaraman (karthikj) Deepak Sirone Jegan (dsirone) Robert Jellinek (jellinek) William Jen (jen) Aidan Jennings (ajennings) Theodore Jepsen (tjepsen) Randy Jerez (jerez) Neil Jerome (jerome) Kaashyapee Jha (kaashyap) SOMESH JHA (jha) Ethan Ji (eji) Tao Ji (taoji) Xiang Ji (xji) David Jiang (djiang) Sicong Jiang (sicong) Daniel Jimenez (djimenez) Bet-zua Jimenez-Garcia (bet-zua) Guoliang Jin (aliang) Hailin Jin (hljin) Haiyun Jin (haiyun) Deepak Jindal (jindal) Gang Jing (gang) Derek Johns (djohns) Lawrence Johns (johns) Brandon Johnson (brandon) Eric Johnson (johnson) Jacob Johnson (jjohnson) Keegan Johnson (keeganj) RICHARD JOHNSON (rich) Parker Johnston (pjohnston) Taylor Johnston (johnston) Richard Joiner (joiner) James Jolly (jolly) Stephen Jones (stjones) SRIVIBHAV Jonnalagadda (srivibhav) ALAN JORDAO CORTEZ (jordao-cortez) Cherin Joseph (cherin) Deborah Joseph (joseph) Harshit Joshi (hjoshi) Deirdre Joyce (deirdre) Nitin Julka (nitin) Kwang-Sung Jun (deltakam) Charles Jungwirth (jungwirth) K Meeta Kabra (meeta) Navin Kabra (navin) Dylan Kachigian (kachigian) Srividya Kadarundalagi Raghuramdos (krsdoss) Charles Kahn (kahn) Christian Kaiserlian (chrisk) Aarati KAKARAPARTHY (aaratik) Richard Kallay (kallay) Yuvakshi Kalra (yuvakshi) Faraz Kamal (faraz) Shreya Raghunath Kamath (shreyakamath) Anthony Kamenick (kamenick) Mick Kanchanachayphoom (kanchanachayphoom) KIRTHEVASAN KANDASAMY (kandasamy) Konstantinos Kanellis (kkanellis) HYUNSEUNG KANG (hyunseung) Lei Kang (lkang) Onur Kanmaz (onur) Sudarsun Kannan (sudarsun) Anton Kapela (tkapela) Ishita Kapoor (ikapoor) Abuzer Karagoz (abuzer) Karen Karavanic (karavan) ARNAV KARNIK (karnik) Tanav Karnik (tkarnik) Amara Karri (amara) Aneesh Karve (karve) Michael Kasianowicz (kasianow) Joshua Kasuboski (kasuboski) Vishal Kathuria (vishal) Aaron Kats (kats) Saketh Katta (katta) Prasad Kawthekar (kawtheka) Stefanos Kaxiras (kaxiras) Erdem Kaya (ekaya) AARON KEEHAN (akeehan) SUNDUZ KELES (keles) Peter Keller (psilord) Kurt Kelling (kkelling) Conlain Kelly (conlain) Kevin Kemp (kemp) Taylor Kemp (tkemp) Pavan Kemparaju (pavank) Chad Kendall (ckendall) Aiden Kenney (kenney) Sean Kent (kent) Evan Kerhaus (kerhaus) Shiang Kerk (shiang) Ryan Kern (rkern) Alexander Kersten (kersten) Soudeh Khaledi (soudeh) Junaid Khalid (junaid) Danish Khan (dkhan) Faisal Khan (faisal) Rishabh Khandelwal (khandelwal) Sid Khirwar (khirwar) Tushar Khot (tushar) Daniel Killough (dekilo) Dae Kim (dae) Hoon Kim (hoon) Hyunwoo Kim (hwkim) Jin Kim (jink) Jinwoo Kim (pl) John Kim (jkim) Mark Kim (mbk) Won Hwa Kim (wonhwa) Yea-Seul Kim (yeaseulkim) Yeon Kim (yeon) YONGJOON KIM (kimy) Young-Bum Kim (ybkim) Youngdae Kim (youngdae) Devon Kinne (dkinne) Jeff Kinne (jkinne) Jeremy Kintana (kintana) James Kirby (ned) Billy Kirk (bkirk) Evan Kivolowitz (ekivolowitz) Perry Kivolowitz (perryk) Grant Klassy (gklassy) Kyle Klassy (klassy) James Klauser (klauser) Brandon Klein (bklein) Sheldon Klein (sklein) Caelan Kleinhans (caelan) Ben Klicker (klicker) Noah Kliemann (kliemann) Neil Klingensmith (klingens) John Knoeller (johnkn) Sarah Knoop (knoop) Mehmet Levent Koc (koc) Christina Koch (ckoch5) Damian Koch (damian) Peter Koczan (koczan) Zachary Koehne (koehne) Pedro Koeler Goulart (koeler-goulart) Alexander Koenadi (koenadi) Ryan Koesters (koesters) Joseph Kohlmann (kohlmann) Jordan Koidahl (koidahl) Ajinkya Kokandakar (ajinkya) George Kola (kola) Jason Kolbly (kolbly) Nikolay Kolev (nikolay) Katherine Kolman (kolman) Garrett Kolpin (gkolpin) Raghavan Komondoor (raghavan) Mohana Kona (mohana) Jing Kong (kong) Shijin Kong (krobin) Thawan Kooburat (kooburat) David Koop (dakoop) Riya Kore (kore) Tevfik Kosar (kosart) Kristopher Koskelin (koskelin) Kristopher Kosmatka (kosmatka) Joseph Kosowicz (kosowicz) Pavle Kostovic (pavle) Eric Koth (koth) Satish Kumar Kotha (satish) Logan Kottler (lkottler) Daniel Kouchekinia (kouchekinia) Rohit Koul (rkoul) Paris Koutris (paris) Lucas Kovar (kovar) Michael Kowalczyk (mkowalcz) John Kowske (jkowske) Elizabeth Kraege-Soechting (eas) Joseph Kraker (kraker) Erika Kretzmer (kretzmer) Saisuresh Krishnakumaran (ksai) Anand Krishnamurthy (anand) Rajasekar Krishnamurthy (sekar) Rahul Krishnan (rahulk) Swetha Krishnan (swetha) Scott Kronenfeld (kronenfe) Brian Kroth (bpkroth) Jeffrey Krueger (jkrueger) Louis Kruger (lpkruger) Alexander Kruzel (kruzel) Pei Kuan (kuanp) Zhaobin Kuang (zhaobin) Dan Kuchler (kuchler) David Kuehn jr (kuehn-jr) Sanjeev Kulkarni (sanjeevk) Achin Kulshrestha (achink) ABHAY Kumar (abhayk) Aishwarya Kumar (kumar) Amit Kumar (akumar) Arun Kumar (arun) Ayush Kumar (ayushk) Rakesh Kumar (krakesh) Krishna Kunchithapadam (krisna) Jackson Kunde (kunde) Adam Kunen (ajkunen) KENNETH KUNEN (kunen) Li-Hsiang Kuo (lorderic) Shin-Tsz Lucy Kuo (shin-tsz) Yuan-fen Kuo (yuan-fen) James Kupsch (kupsch) THOMAS KURTZ (kurtz) Brian Kutka (kutka) Finn Kuusisto (finn) Wing Kwok (wing) L David La Fleur (dlafleur) Adam Labiosa (labiosa) Tim LABONNE (tlabonne) Gaige Labott (gaige) Terrance Lacasse (lacasse) Stephen Lagree (slagree) Tariq Lahyani (tariq) Chew Lai (clai) Yu-chi Lai (yu-chi) Seth Lakowske (lakowske) Akash Lal (akash) Johny Lam (johnylam) Michael Lampe (lampe) Michael Landau (mlandau) Lawrence Landweber (lhl) Russell Lang (rjl) Willis Lang (wlang) Jacob Lange (jacobl) MATTHEW LANGER (langer) Jacob Asher Langton (langton) BRET LARGET (larget) Samuel Larson (slarson) James Larus (larus) Kuan Law (kuan) Wilson Law (wingl) Ben Lazarus (lazarus) Fabien Lazes (fabien) Khoa Le (hle) Megan Le (meganl) Thu Le (thuhale) Yanfang Le (yanfang) Alvin Lebeck (alvy) Eric Lederer (elederer) Scott Lederer (lederer) Jonathan Ledlie (ledlie) CHANWOO LEE (clee466) Dong Woo Lee (dwl) Justin Lee (leej) Matthew Lee (mattlee) Sang Kyun Lee (sklee) Thomas Lee (thomasl) YONG JAE LEE (yongjaelee) Yuh-jye Lee (yuh-jye) Kristen Lefevre (lefevre) Hobbes LeGault (legault) Matthew Legendre (legendre) Ethan Lengfeld (lengfeld) John Lenz (lenz) Mark Lenz (mlenz) Matthias Lenz (malenz) Eric Lesch (lesch) Aleksander Lesiewicz (aleksander) Derek Leslie-Cook (leslie-c) Andy Lesmana (andy) Jim Lesniak (lesniak) Raph Levien (ghost) Aaron Levin (levin) Keith Levin (kdlevin) Owen Levin (olevin) Gabriel Levy (glevy) Max Levy (mlevy) Jarrod Lewis (jarrod) Bo Li (bli) BO LI (bol) Daniel Li (daniell) Fengan Li (fengan) Houqi Li (houqi) Jian Li (jian) Jiexing Li (jxli) Jingwei Li (jingwei) Qing Li (qing) Sharon Li (sharonli) Simeng Li (simeng) Wuzhen Li (janel) Xiujun Li (lixiujun) YIDONG LI (leofreddielee) Yinan Li (yinan) Ying Li (yli) Yuan Li (yuanli) Yunpeng Li (yunpengl) Yunrui Li (yunrui) Zeming Li (zeming) David Liang (dliang) Jie Liang (liang) Kun Liang (kliang) Weicong Liang (wliang) YINGYU LIANG (yliang) Ben Liblit (liblit) Andry Lie (lie) Karlen Lie (soph) Cong Han Lim (conghan) JEREMEY ZHENG Lim (jeremey) Jinho Lim (jin-ho) Junghee Lim (junghee) Brian Lin (blin) Brian Lin (brianl) Hong Lin (honglin) Jiaxin Lin (jxlin) Ning Lin (ningl) XINYUE Lin (xlin296) Yi Lin (yilin) Yi-Yang Lin (yi-yang) Yupei Lin (yupei) Paul Lindorff (lindorff) Stephen Ling (sling) Michael Liou (liou) Mikko Lipasti (mikko) JACK LIPSTONE (lipstone) BANGYA Liu (bangya) Chi Man Liu (cx) Feng Liu (fliu) Haixiang Liu (cslhxac) Hugh Liu (yinl) Ji Liu (ji-liu) Jiangyi Liu (panda2134) Jie Liu (jieliu) Jing Liu (jingliu) Li Liu (liliu) Lin Liu (linliu) Ming Liu (mgliu) Mingyue Liu (mingyue) Peng Liu (pengliu) Shengchao Liu (shengchao) Tianyu Liu (tl) Xiao-yu Liu (xiao-yu) Yingchao Liu (yingchao) Yusen Liu (yusen) Yuxuan Liu (yuxuan) Zifan Liu (zifan) MIRON LIVNY (miron) Eric Lloyd (elloyd) Tin Lo (tin) Alexey Loginov (alexey) WEI-YIN LOH (loh) Vishnu Lokhande (lokhande) Creighton Long (creighto) Wafik Lotfallah (lotfalla) Kennard Love (klove) Lexie Love (love) Alisa Lu (alisa) Lanyue Lu (ll) Lorenzo Lu (llu) Pin Chun Lu (pin-chun) Qihong Lu (qihong) Shan Lu (shanlu) Daniel Luchaup (luchaup) Walter Lucman (walter) Jack Ludwikoski (ludwikoski) Tyler Luedtke (tluedtke) Patrick Luell (luell) Brianna Luettgen (luettgen) Joseph Lukasik (lukasik) Andrew Lundholm (lundholm) Gang Luo (gangluo) Qiong Luo (qiongluo) Wei Luo (luo) Xixi Luo (xixi) Yuetian Luo (yluo) Faiz Lurman (faiz) Jim Luttinen (jiml) Dan Luu (dluu) Bobby Lv (blv) Hongjiang Lv (hlyu) Max Lynch (max) Elliot Lynde (lynde) Alicia Lyu (wenhui) M Jihong Ma (jihong) Ke Ma (kma) Yadi Ma (yadi) Zijing Ma (zijing) Jerel Mackay (jerel) Robert Madden (madden) Anthony Madsen (amadsen) Anthony Magro (anthony) Kshiteej Mahajan (kshiteejm) Pratyush Mahapatra (pratyush) Rajit Bhargav Mahesh (rajit) Md. Tareq Mahmood (tareq) Diep Mai (diep) Keith Maki (maki) AMULYA MALAPAKA (amulya) David Malec (dmalec) Trevor Maliborski (maliborski) Jason Malinowski (malinows) Rea Mammen (rea) David Mandelin (mandelin) Yash Mane (mane) OLVI MANGASARIAN (olvi) Sathiya Kumaran Mani (sathiya) Srilakshmi Mani (srilakshmi) Mihir Manna (manna) Russell Manning (rmanning) ABHIJEET MANOHAR (abhijeet) Mark Mansi (markm) Ashok Marannan (marannan) Amit Marathe (marathe) Daniel March (march) Roummel Marcia (roummel) Kyle Maresh (maresh) Matthew Marheine (marheine) Robert Marinier (marinier) Logan Marquardt (lmarquardt) Andrew Martin (andrewm) Milo Martin (milo) Stirling Martin (stirling) Philip Martinkus (pmartinkus) Brian Martinson (martinso) Kathleen Marty (kmferry) Michael Marty (mikem) James Masanz (aranduil) KAI MAST (kaimast) Varghese Mathew (vmathew) Abigail Matthews (avmatthews) Carl Mauer (cmauer) Joshua Mayer (mayer) Adrian Mayorga (adrm) Karl Mazurak (mazurak) Scott Mc closkey (mc-closk) PATRICK MCCARTY (pmccarty) Kyle McChesney (mcchesne) Matthew McClain (mcclain) John Mccloskey (mccloskey) Matthew McCormick (mattmcc) Collin McCurdy (cmccurdy) Eric McDaniel (chate) Matthew McDaniel (alrecenk) Sean Mcilwain (mcilwain) Charles McKenzie (charlesm) Jeremy McMahan (jmcmahan) Daniel McNulty (mcnulty) PATRICK MEADE (meade) Jason Meaux (jmeaux) Nathanial Medbery (medbery) Joseph Meehean (jmeehean) Pranav Mehendiratta (mehendiratta) Taylor Mehmen (tmehmen) Bhavesh Mehta (bsmehta) Jeet Mehta (jeet) Ronak Mehta (ronakrm) Jason Melbye (melbye) Charlotte Melcher (melcher) Dieter van Melkebeek (dieter) David Melski (melski) Hongbo Meng (hmeng) Xiaozhu Meng (xmeng) Zihang Meng (zihangm) Jaikrishnan Menon (menon) DAVID MERRELL (dmerrell) Metaneos Project (metaneos) Nicolas Mewhirter (mewhirter) Anna Meyer (annameyer) Derek Meyer (dmeyer) ROBERT MEYER (rrm) Nicholas Mezei (mezei) Roney Michael (rmichael) Jason Mielens (jmielens) Theodore Mierzwinski (theodore) BEN MILAS (milas) BARTON MILLER (bart) John Miller (bmiller) Karen Miller (smoler) Tamara Miller (tamaram) Todd Miller (tlmiller) Wesley Miller (wmiller) William Miller (williamm) Zach Miller (zmiller) Porter Milton (pmilton) YIFEI Ming (alvinming) Alexander Mirgorodskiy (mirg) Aarish Mirza (aarish) Hadeid Mirza (amirza) Mariyam Mirza (mirza) Achin Mishra (achinmishra) Nathan Mitchell (nmitchel) Hazel Mittal (mittal) Pravin Mittal (pravin) Jessica Miyake (miyake) See-yew Mo (see-yew) Nicollas Mocelin Sdroievski (nmsdroievski) Harit Modi (harit) Justin Moeller (jmoeller) Nathan Moeller (nmoeller) Benjamin Moench (moench) Nany Mohamed Isa (nany) Aisha Mohamed (aisha) Anmol Mohanty (amohanty) ANUPRAS MOHAPATRA (anupras) Alex Mohr (amohr) James Mohr (jmohr) Abtin Molavi (amolavi) Michael Molla (molla) Kritphong Mongkhonvanit (kritphon) Erin Moon (lmarshall) Adrian Moore (amoore) Fredrick Moore (fredrick) Kevin Moore (kmoore) Michelle Moravan (moravan) Andrew Morgan (amorgan) Liam Morrison (liamm) Adam Morstad (amorstad) Merlin Morton (merlin) Sean Morton (smorton) Andrew Moses (amoses) Moshovos Moshovos (moshovos) Mitchell Mosure (mosure) Nilofer Motiwala (motiwal) Kamiya Motwani (kmotwani) Matthew Moulton (moulton) Daniel Mu (dmu) Fangzhou Mu (fmu) Matthew Mueller (mmueller) David Muencheberg (muencheb) Deborah Muganda (deborah) Kevin Mui (mui) Shubu Mukherjee (shubu) Anne Mulhern (mulhern) Lucas Mullens (mullens) Multiscalar Project (mscalar) David Mulvihill (mulvihil) Todd Munson (tmunson) Charlie MURPHY (tcmurphy4) Sean Murphy (smurphy) David Murray (dmurray) Neel Murthy (nmurthy) Kumaresh Visakan Murugan (mvisakan) David Musicant (musicant) Chitra Muthukrishnan (chitra) Sambavi Muthukrishnan (sambavi) Riccardo Mutschlechner (riccardo) Daniel Myers (dsmyers) Venkatesh Mysore (mpvenkat) N Daniel Naab (naab) Gokul Nadathur (gokul) Biswadeep Nag (bng) Ajith Nagaraja Rao (ajith) Palaniappan Nagarajan (paln) Vidya Nagarajan (vidya) Shaan Nagy (sanagy) Varun Naik (vnaik) Sanketh Nalli (sankey) Jiwon Nam (nam) Mahdi Namazifar (mahdi) Subhrangshu Nandi (nandi) Stanley Nangoy (stanley) Ajmain Naqib (ajmain) Praneeth Naramsetti (naramsetti) Ashwin Karthi Narayanaswamy (ash) Adam Nasi (nasi) Houssam Nassif (hous21) Saili Natu (saili) Jeff Naughton (naughton) Prasanth Navaneetha Krishnan (prasanthkrishnan) Asmit Nayak (asmit) R Rahul Nayar (rrahulnayar) Priyanka Nayek (nayek) Mohith Nellivalasa (mohith) Jacob Nelson (jacobn) Reed Nelson (rnelson) MICHAEL NEWTON (newton) Daniel Ng (dng) Ter Ng (ter) Duy Nguyen (dnguyen) Paul Nguyen (pnguyen) Teresa Nguyen (tnguyen) Ling Ni (nil) Ben Nibbelink (bnibbelink) Daniel Nickchen (nickchen) FNU Nishanth (nishanth) Vaibhav Nitnaware (nitnaware) Feng Niu (leonn) Steven Noonan (noonan) ERIK NORDHEIM (nordheim) Keith Noto (noto) Steven Noto (snoto) Karl Nowak (nowak) Joy Nuelle (nuelle) James Nugent (damion) O Trace O'Brien (traceo) Erik O'connor (o-connor) Kevin O'Connor (koconnor) Colby O'Donnell (colbster) John O'Leary (jho) Michael O'Neill (moneill) Christina Oberlin (coberlin) Paramjit Oberoi (param) Ericka Oehrlein (ericka) Zachary Ogulnick (ogulnick) Hadar Ohana (hadar) Peter Ohmann (ohmann) Uchechukwu Okpara (uche) Ryan Okushi (okushi) Arinbjorn Olafsson (arinbjor) Ross Oldenburg (oldenbur) Adam Olien (olien) Louis Oliphant (oliphant) Christopher Olsen (colsen) Robert Olsen (olsen) Eric Olson (eolson) James Olson (jolson) Lena Olson (lena) Chris Olszewski (olszewski) IRENE ONG (ong) Justin Ormont (ormont) Marc Orr (morr) Mikhail Ortiz-Lunyov (ortiz-lunyov) Elizabeth Osten (osten) Sarah Otjen (otjen) Michael Ottum (ottumm) Winter Ou (wou) Xiating Ouyang (xouyang) KYLE OWENS (kowens) P Deepti Pachauri (pachauri) Luke Pacholski (lukep) Gary Pack (pack) CHARLES PAGE (dpage) Matthew Pagel (pagel) Suhas Pai (spai) Sourav Pal (souravp) Vrishank Paladugu (vrishank) Ramanathan Palaniappan (ram) Rishav Palchowdhury (rishav) Djay Pallavur Naduvakkat (djay) Andrew Palmer (agpalmer) Yue Pan (ypan) Yunpeng Pan (yunpeng) Fatemeh Panahi (fatemeh) Sankaralingam Panneerselvam (sankarp) Prakhar Panwaria (prakhar) Paradyn Project (paradyn) Michael Pardee (pardee) Chan Park (cpark) Edward Park (epark) Jong Ho Park (jjhpark) Kanghee Park (khpark) Kwanghyun Park (kpark38) Alex Parker (aparker) Jeremy Parker (jeremyp) Matthew Parker (mparker) Steven Parker (parker) David Parter (dparter) Seymour Parter (parter) Semmi Pasha (semmi) William Pasteris (pasteris) Shankar Pasupathy (shankar) James Patek (patek) JIGNESH PATEL (jignesh) Kiran Patel (patel) Nandan Patel (nandan) Vivak Patel (vrpatel6) Suchita Pati (spati) Harish Patil (patil) Vinay Ninganagouda Patil (vpatil) Handy Patriawan (handy) Ashish Patro (patro) Sam Patterson (patterson) Jason Patton (jpatton) Shane Patzlsberger (patzlsbe) Base Paul (base) Erik Paulson (epaulson) Ivan Pavlovic (pavlovic) Margaret Pearce (mlpearce) Craig Peeper (nemesis) Alexander Peer (adpeer) Tomislav Pejsa (tpejsa) Yael Peled (yael) Brian Pellin (bpellin) Mark Peloquin (markus) Conner Penfield (penfield) SIYANG PENG (speng) Yongzhong Peng (yongzhon) Ankit Pensia (ankitp) Viswesh Periyasamy (viswesh) John Perkins (john) Ben Persick (persick) Natalie Petersen (nataliep) Nathan Petersen (npetersen) Carter Peterson (cpeterso) GUSTAV PETERSON (gustav) Jennifer Peterson (jenn) Nicholas Petska (petska) SHARADA PHADNIS (sharada) Unmesh Phalak (phalak) Phoenix Pham (ppham) Vu Pham (vpham) Andrew Phelps (aephelps) Coda Phillips (coda) Marissa Phillips (phillips) John Piefer (piefer) Jacob Pierce (jacobp) Gregory Piller (gpiller) Mark Pingel (pingelm) Raymond Pingree (ray) Eeshaan Pirani (eeshaan) Hasnain Ali Pirzada (hp) Kaiser Pister (kaiser) Manoj Plakal (plakal) Brian Ploeckelman (ploeckel) David Plonka (plonka) Ashwin Poduval (apoduval) Marina Polishchuk (mpoli) Artem Polyakov (artpol) Neoklis Polyzotis (alkis) Nicholaus Pongratz (nicholau) Kevin Ponto (kponto) Kacheong Poon (poon) Florentina Popovici (pif) David Porfirio (dporfirio) Marcello Porter-Dunning (marcello) Navneet Potti (nav) JENNA POWERS (jpowers) TAYLOR POWERS (tpowers) Vijayan Prabhakaran (vijayan) Prathmesh Prabhu (pprabhu) Chaithan Prakash (cprakash) Naveen Prakash (naveen) Pradyot Prakash (pradyot) Arijit Pramanik (arijit) Martin Prammer (prammer) Bhaskar Pratap (bhaskar) Pragathi Praveena (pragathi) Joseph Prei (prei) CINDY Prentice (prentice) Harrison Pretel (pretel) Andrew Prock (prock) ACM Programming Team (icpc) Blizzard-Paradyn Projects (blz-pdn) James Pruyne (pruyne) Stephen Pulec (spulec) Sharad Brahma Punuganti (akshar) Jared Punzel (punzel) Anshul Purohit (anshulp) Naresh Purohit (naresh) Q Maleeha Qazi (bambi) Bozhao Qi (bozhao) Ruichen Qian (ruichen) Tai Qin (qin) ANTHONY QUINONES (quinones) R Jack Rabe (rabe) Shruthi Racha (shruthir) Matthew Radtke (radtke) Ian Rae (ian) Rajesh Rajamani (raj) Nitish Rajguru (nrajguru) Abhishek Rajimwale (abhi) SHASHANK RAJPUT (srajput) Ravi Rajwar (rajwar) Daniel Rakita (rakita) Jonathan Rakocy (rakocy) Vishnu Ramadas (ramadas) Raghu Ramakrishnan (raghu) Ganesan Ramalingam (ramali) Pratap Ramamurthy (pratap) Rajesh Raman (raman) Madhu Ramanathan (madhurm) Karthikeyan Ramasamy (ramasamy) Sivasubramanian Ramasubramanian (sivas) Pallavika Ramaswamy (pallavik) Bryan Ramirez (ramirez) Purushothaman Ramraj (ramraj) Chetan Rao (chetan) Mukul Rao (mukul) Sebastian Raschka (sraschka) GARVESH RASKUTTI (raskutti) Nicholas Rasmussen (nick) Farzad Rastegar (farzad) Vaibhav Rastogi (vrastogi) Lucas Ratajczyk (ratajczyk) Dhanesh Rathod (dhanesh) Viresh Ratnakar (ratnakar) Dan Rattanakornphan (rattanakornphan) Ameya Raul (araul) Sathya Ravi (sravi) Srinivasan Ravichandran (srini) Giridhar Ravipati (giri) Tristan Ravitch (travitch) Soumya Ray (sray) Shravan Rayanchu (shravan) Christopher Re (chrisre) Wesley Reardan (wreardan) Daniel Reasa (dreasa) Anthony Rebello (arebello) Luis Recalde (luis) Benjamin Recht (brecht) Christopher Reed (creed) Jackson Reed (jreed) Christine Reilly (chrisr) Michael Reilly (mreilly) Sophia Reiner (sreiner) Theodoros Rekatsinas (thodrek) JIANXIANG REN (jren) Jie Ren (renj) Rachel REN (sren) Marc Renault (mrenault) Sondra Renly (sondra) Charles Rennicke (rennicke) Matthew Renzelmann (mjr) Thomas Reps (reps) CSL Rest (cslrest-test) Chad Rhyner (chad) Margaret Richey (richeym) Nathan Richman (richman) Eric Richmond (richmond) Scott Rick (srick) Brian Ries (ries) Joseph Riley (jriley) KENNETH RING (ring) Thomas Ristenpart (rist) Eric Robinson (erobinso) Dom ROBSON (dom) ELI Roden (roden) Denise Roder (roder) KARL ROHE (karlrohe) Justin Rohrer (jrohrer) Jeffery Roller Jr (roller-j) Rita Roloff (rita) Matthew Roman (mroman) Cory Romdenne (romdenne) Amos Ron (amos) Yi Rong (rong) Genevieve Rosay (rosay) Nathan Rosenblum (nater) Jake Rosin (rosin) Harry Rosmann (rosmann) Ian Ross (iross) RYAN Ross (ryanr) Steve Rossman III (srossman) Max Rotblut (rotblut) Eric Rotenberg (ericro) Philip Roth (pcroth) Arman Rouf (arman) Kevin Roundy (roundy) Amrita Roy Chowdhury (amrita) Darryl Roy (dsroy) SUSHMITA ROY (sroy) Eric Rozner (erozner) Tianyuan Ru (tru) Jin Ruan (jin) Xuyi Ruan (xuyi) Abraham Rubenstein (abraham) Shai Rubin (shai) Cindy Rubio Gonzalez (crubio) Leo Rudberg (leo) ROHAN RUDRARAJU (rudraraju) Bernard Rufinus (bernard) CAMERON RUGGLES (ruggles2) Guifre Ruiz (guifre) Sydney Runkle (runkle) S Kevin Saalen (claas) Soheil Sadeghi (sadeghi) Askar Safipour Afshar (askar) Shmuel Sagiv (sagiv) Varun Sah (varun) Abhinandan Saha (abhinandan) Sharad Saha (sharad) Samuel Sahakian (sahakian) Tithy Sahu (tithys) Fred Sala (fredsala) Amer Salem (amer) Jennifer Salemy (salemy) Nico Salm (salm) Kelly Salmon (salmon) Paul Salmon (pdsalmon) Adam Salvo (salvo) Ip Sam (isam) Evan Samanas (samanas) Rohan Sampat (rsampat) Aaron San filippo (san-fili) Daniel Sanchez Martin (daniel) Ethan Sanders (esanders) SEAN SANDERS (sanders) Bryce Sandlund (sandlund) Alejandra Sandoval (alejandra) Brian Sandwick (sandwick) Karu Sankaralingam (karu) Sean Sannito (sannito) TANYA Santhosh (tanya) Saloni Saraf (saloni) Somayeh Sardashti (somayeh) STEPHEN SARFF (sarff) Antony Sargent (asargent) PARTHO SARTHI (sarthi) Robert Sass (sass) S Subramanya Sastry (sastry) Mason Sather (sather) Sambhav Satija (satija) Dawanit Satitsumpun (dawanit) Saket Saurabh (ssaurabh) Greg Sawyer (sawyer) Abhishek Saxena (asaxena) Mohit Saxena (msaxena) Mayssam Sayyadian (mayssam) Nicholas Schleicher (hunters) Maxwell Schmidt (mschmidt) Monica Schmidt (monicas) Eric Schnarr (schnarr) DANA SCHNECK (schneck) ANDREW SCHOEN (schoen) Ioannis Schoinas (schoinas) Chase Schottler (schottler) Kyle Schroeder (kschroeder) Carl Schroedl (schroedl) Ryan Schuelke (schuelke) Christoph Schulze (schulze) Douglas Schumacher (schumacher) Brandon Schwartz (baschwar) Brian Schwartz (schwartz) CHRISTINE SCHWARTZ (crs) Bradley Schwarzhoff (schwarzh) Gary Schweisthal (schweist) Mark Schwinn (schwinn) NICK Scilingo (scilingo) Caitlin Scopel (coscopel) Kelly Seabold (seabold) Michael Seaholm (seaholm) Beverly Seavey (seavey) Chad Sebranek (sebranek) Brian Sekelsky (bsekelsk) Andrew Selle (aselle) Salini Selvaraj Kowsalya (salinisk) Ayon Sen (ayonsn) Rathijit Sen (rathijit) Sayandeep Sen (sdsen) Kayley Seow (kayley) Jairo Serrano (jairo) David Sescleifer (sescleif) Rajasekhar Setaluri (rajasekh) Burr Settles (bsettles) Michael Sexton (sexton) Uri Shaft (uri) Nisarg Shah (nisargs) Rishi Shah (rishi) SHREY SHAH (shrey) Mohammed Danish Shaikh (mohdanishaikh) Jiahao Shan (jiahao) Arman Shanjani (shanjani) Jayavel Shanmugasundaram (jai) JUN SHAO (shao) Wenpei Shao (wenpei) VADIM SHAPIRO (vshapiro) Ria Sharma (ria) Rohit Kumar Sharma (rsharma) Tushar Sharma (tsharma) Rajesh Shashi Kumar (rajesh) Ambuj Shatdal (shatdal) JUDE SHAVLIK (shavlik) Shaurya Shekhar (sshekhar4) Shan-Hsiang Shen (shan-hsi) Warren Shen (whshen) XIAOHAN SHEN (xiaohans) Yiyin Shen (yshen82) Yuming Sheng (yuming) Ashish Vishwanath Shenoy (ashenoy) Pete Priyananda Shenoy (shenoy) Jeffrey Shergalis (shergali) Zhenmei Shi (zhmeishi) HAO-YU SHIH (hshih) Steven Shih (sshih) Hyun-Joon Shin (joony) Sangmin Shin (sangmin) Youngsang Shin (ysshin) Kevin Shine George (shine-george) Daniel Shiovitz (dbs) Shoaib bin (shoaib-b) Arie Shoshani (stacs) Shreyash Shrestha (shreyash) Lakshmikant Shrinivas (pachu) Kaushik Shriraghav (raghav) Vivek Shrivastava (viveks) Shaurya Shubham (sshubham) Ashutosh Shukla (shukla) Lucas Sickels (sickels) Vinothkumar Siddharth (vsiddharth) Luke Siegel (lsiegel) Mark Sieklucki (siekluck) EFTYCHIOS SIFAKIS (sifakis) Michael Siff (siff) Jason Siikarla (siikarla) Shashi Sijapati (sijapati) Michael Silbersack (silbersa) Manogari Simanjuntak (manogari) Magdalene Simon (msimon3) Jacob Simonson (jsimonso) Matt Sinclair (sinclair) Ashutosh Singh (ashutosh) Harneet Singh (harneet) Mandeep Singh (mandeep) NAVPREET SINGH (navpreet) RAJ ARYAN Singh (rsingh) Risha Singh (risha) VIKAS SINGH (vsingh) Arjun Singhvi (asinghvi) Richik Sinha Choudhury (richik) Anand Sinha (ksanandw) Kenneth Siu (siu) Pooja Sivakumar (sivakumar) Balasubramanian Sivan (balu2901) Muthian Sivathanu (muthian) Dillon Skeehan (dskeehan) Ian Skoch (iskoch) Marios Skounakis (marios) James Skrentny (skrentny) Joshua Slauson (slauson) Michael Slutskiy (slutskiy) Adam Smith (aasmith) Alex Smith (adsmith) Brandon Smith (bmsmith) Calvin Smith (cjsmith) CANDACE SMITH (candy) Daniel Smith (smithd) Jeshua Smith (jeshua) Randy Smith (smithr) Ben Snyder (bsnyder) Madelynn Sobczak (sobczak) Avinash Sodani (sodani) Kevin Soewondo (soewondo) Guri Sohi (sohi) Jared Sohn (sohn) Allen Soley (soley) Mikhail Solodov (solodov) MARVIN SOLOMON (solomon) Rebecca Solomon (becky) Joel Sommers (jsommers) Se-Chang Son (sschang) Ankur Sonawane (sonawane) Aiden Song (aiden) Linhai Song (songlh) Ameet Soni (soni) Adalbert Soosai Raj (gerald) James Sorenson (jaso) Daniel Sorin (sorin) Aravind Soundararajan (aravinds) Kirkland Sousek (kirkland) Marc Spehlmann (spehlmann) Laura Spencer (ljspence) Adam Sperling (sperling) Bryce Sprecher (sprecher) Kevin Springborn (springbo) Suresh Sridharan (suresh) Venkatesh Karthik Srinivasan (venk) Ben Srour (srour) Andrew St Vincent (st-vince) Saul St. John (sstjohn) Joseph Stanley (jass) Anna Staresinic (staresinic) Justin Starry (starry) Matthew Starzewski (starzews) Stat_471 (st471-1) Eric Stec (stec) Halldor Stefansson (narfi) Jackson Steiner (jsteiner) Brent Stephens (brentstephens) Sophie Stephenson (srstephenso2) John Stewart (stewart) Suzan Stodder (stodder) Jacob Stoeffler (stoeffle) Colin Stolley (stolley) Christopher Stolte (stolte) Alexander Stone (astone) Parker Storck (pstorck) Stefan Strandberg (stefan) Jeremy Strandt (strandt) Maxwell Strange (strange) Nick Street (street) JOHN STRIKWERDA (strik) Amanda Strominger (strominger) Daniel Strommen (strommen) Jason Strutz (strutz) Che-Lin Su (clsu) Junwei Su (junwei) Lawrence Su (lawrences) Qi Su (qi) Sabareesh Subramaniam (sabarees) Sankararam Kausik Subramanian (sskausik08) Sriram Subramanian (srirams) ANANTH SUBRAMANYA MUDIGERE (ananth) Dongjin Suh (dongjin) VIOLET SUHRER (violet) Junming Sui (xujm) Chong Sun (sunchong) Yudong Sun (yudong) Yuxin Sun (yxsun) Swaminathan Sundararaman (swami) Matthew Sundling (sundlm) Dean Sundquist (sundquis) Changsok Sung (isung) Mankyu Sung (mksung) Mradul Surana (mradul) SOURAV SURESH (s) Heemanshu Suri (hsuri) Lee Surprenant (lsurpren) Suwardi Suryadi (suwardi) Yoh Suzuki (yoh) Brent Svac (svac) Zoya Svitkina (zoya) Luke Swanson (swansonl) Timothy Swast (swast) Michael Swift (swift) MEENA SYAMKUMAR (ms) Peter Sykora (sykora) Daniel Szafir (dszafir) T Tram Ta (tramta) Bijan Tabatabai (bijan) Karan Talreja (karan) Ariel Tamches (tamches) Edmund Tan (edmund) Haonan Tan (haonan) Siong Ann Tan (siong) Xiang Tan (xtan) Yimin Tan (yimin) Hong-yue Tang (tang) Lisa Tang (ltang) Mengze Tang (lakes) Xin Tang (xtang) Jordan Tannenbaum (jtannenbaum) Todd Tannenbaum (tannenba) Yutian Tao (yutian) Carlos Tarazona (carlos) NATHANIEL TATE (ntate) Bill Taylor (bt) Bujorel Tecu (bujorel) Nikhil Teletia (teletia) Gwo-uei Teng (gwo-uei) Yifeng Teng (yifengt) Jason Terhune (jterhune) Michael Tesch (tesch) Douglas Thain (thain) Gregory Thain (gthain) Daven Thakkar (daven) Aditya Thakur (adi) Janani Thanigachalam (janani) Peter Thayer (thayer) Tim Theisen (tim) Ryan Thenhaus (thenhaus) Chris Theorin (theorin) Srinivasan Thirunarayanan (srinivt) Jay Thomas (jayt) NATHAN THOMAS-BENKE (thomas-benke) David Thompson (thomas) Michael Thompson (thompson) Cole Thomson (cthomson) Phethala Thongsavanh (phethala) Paul Thoresen (thoresen) Keith Thoresz (thorek) Robert Thorndyke (rthorndy) ANGELA THORP (thorp) Anders Thorsen (thorsen) Ashish Thusoo (ashisht) Feng Tian (ftian) Kexin Tian (ktian) Jaideep Tibrewala (jaideep) Christopher Tiedt (tiedt) Olga Tikhonova (olga) Nathan Todzy (todzy) Luke Tokheim (ltokheim) Rushabh Tolia (rushabh) Michael Tolly (tolly) Daniel Tomko (dtomko) Brian Toonen (toonen) Sunao Torii (torii) Lisa Torrey (ltorrey) Gregory Tracy (gtracy) Khai Tran (khaitran) Thien Tran (thien) Justin Tritz (jdtritz) Manas Trivedi (mtrivedi5) Mihir Trivedi (mtrivedi) Jacob Trotman (trotman) John Truskowski (jtruskow) Felix Tsao (tsao) Nora Tseng (tseng) Kam-Wah Tsui (kwtsui) Han Tu (htu) Kristin Tufte (kristint) Adwait Tumbde (adwait) Srinivas Tunuguntla (stunuguntla) Andrew Turner (turnera) Peter Turner (turner) Theodore Turner (tturner) Pavel Tvrdik (tvrdik) Jim Twieg (twieg) Nidhi Tyagi (nityagi) Christos Tzamos (tzamos) U Seeun Umboh (seeun) Gautam Umesh Sargur (gautam) Undergraduate Proj. (upluse) Ritvik Upadhyaya (ritvik) Bradley Utegaard (utegaard) Akshay Uttamani (auttamani) V Nathan Vack (vack) Swetha Vaidyanathan (vaidyanathan) Sriram Vajapeyam (sriram) Tomas Valdes (valdes) Pradip Vallathol (pradip16) Jurgen Van Gael (jvangael) Mark Vandeweghe (vandeweg) Ger Vang (ger) Dana Vantrease (danav) Ramakrishna Varadarajan (ramkris) Venkatanathan Varadarajan (venkatv) Ara Vartanian (aravart) Neyanel Vasquez-Garcia (vasquezgarci) MICHAEL VAUGHN (vaughn) Nicholas Vavra (vavra) Vijaychidambaram Velayudhan Pillai (vijayc) Monniiesh Velmurugan (monniiesh) Ganesh Velu Rajendran (ganz) Rokas Venckevicius (rokas) Dhananjaya Vengeta Rao (dhananja) Maheswaran Venkatachalam (kvmakes) Aditya Venkataraman (adityav) Shivaram Venkataraman (shivaram) Venkataramani Venkateshwaran (veeve) Shreepadma Venugopalan (vshree) Chaman Singh Verma (csverma) MARY VERNON (vernon) Timothy Vertein (vertein) Cymen Vig (cymen) David Viggiano (dviggiano) Efstratios Viglas (stratis) Ananya Virmani (virmani) Laxman Visampalli (laxman) Raajay Viswanathan (raajay) Karl Voelker (kvoelker) Meta Voelker (voelker) Pranav Vogeti (vogeti) Alexander Volkov (alexande) Anthony Vollmer (vollmer) Aaron Vollrath (vollrath) Haris Volos (hvolos) Patrick Votruba (votruba) ANDREW VUJNOVICH (vujnovich) Vaibhav Vyas (vaibhavvyas) W Christopher Waclawik (waclawik) Michael Waddell (mwaddell) Mike Wade (mcw) Shayne Wadle (swadle) Neil Wagner (nwagner) Grace Wahba (wahba) Matthew Wahner (wahner) Ari Wainer (wainer) Brenton Walker (brenton) Jordan Walker (jwalker) Trevor Walker (twalker) Trevor Wall (twall) Michael Wallick (michaelw) Madhava Walpola (madhava) Joseph Walsh (jwalsh) Qian Wan (qwan) Mohamed Wane (mohamed) Arden Wang (ardenw) Chen Wang (chenwang) Chentao Wang (chentao) Dongning Wang (dw) Hao Wang (hbwang) Jiaan Wang (jiaan) Junjue Wang (junjue) Kai Wang (kaiw) Kevin Wang (kwang) Liang Wang (liangw) Lidan Wang (lidan) Menghui Wang (menghui) MIAOYAN WANG (miaoyan) Qisi Wang (qisiw) Shengnan Wang (shengnan) Siyu Wang (siyuw) Song Wang (songwang) Taxiao Wang (twang) Thomas Wang (tomw) Xidong Wang (wxd) Xin Wang (wangx) Xuehan Wang (xuehan) YAZHEN WANG (yzwang) Yeping Wang (yeping) Yiran Wang (yiran) Yuan Wang (yuanwang) Yufei Wang (ywang2395) Yujin Wang (yujin) Yuqing Wang (yuqing) Zekun Wang (zwang2965) ROBERT WARDROP (wardrop) Robert Wargolet (wargolet) WARTS Project (warts) Rex Wasserman (wasserman) Yasuko Watanabe (watanabe) John Watrous (watrous) Thomas Watson (twatson) Garrison Waugh (garrison) Derek Wautlet (wautlet) Christopher Weaver (weaver) Paul Webb (pwebb) Aaron Wegner (aaron) Vera Wei (vwei) Yi Wei (weiy) Daniel Weichsel (weichsel) Eric Weigle (weigle) Benjamin Weiner (weiner) Andrew Weinrich (weinrich) Russell Weisfield (weisfiel) Cathrin Weiss (cweiss) Erik Weiss (eweiss) Jeremy Weiss (jweiss) Thomas Weiss (weiss) Zev Weiss (zev) Zachary Welch (zwelch) Mark Wellons (mwellons) Philip Wells (pwells) Benjamin Welton (welton) Songzi Wen (songzi) Kent WENGER (wenger) Marcel Wermeckes (wermecke) Benjamin West (west) MATTHEW WESTPHALL (westphall) Meghan Whitehead (whitehead) Martin Wickham (wickham) WWW WID (widwww) Eric Wiedemann (wiedeman) Steven Wijaya (wijaya) Edward Wild (wildt) Timothy Wilder (tjwilder) Benjamin Willard (willardb) Bill Williams (bill) Jim Williams (jimw) Robert Williams (rjava) Tyson Williams (tdw) Tyson Williams (twilliam) Dale Willis jr (dale) Carl Wills (wills) Taylor Wilmot (wilmot) Austin Wilson (austinw) Thomas Wilson (thomasw) Jeff Wingstrom (jeffw) Isaac Wirsbinski (wirsbinski) Caesar Wirth iv (caesar) Wisconsin Wind (wwt) Lee Wittman (wittman) Andre Wobst (wobsta) Piotr Wojsiat (piotr) Mikhail Wolfson (wolfson) David Wolske (wolske) Samuel Wong (sam) DAVID WOOD (david) Jeremiah Woodruff (woodruff) Derek Wright (wright) Jill Wright (jrobin) STEPHEN WRIGHT (swright) Aoran Wu (aoranwu) Bi Cheng Wu (bwu62) Henry Wu (henrywu) Hsuan-Heng Wu (wuxx1279) Jianming Wu (jianming) Kan Wu (kanwu) PEI-HSUAN WU (pwu59) Shuang Wu (swu) Wenfei Wu (wenfeiwu) Wentao Wu (wentaowu) Xi Wu (xiwu) Xiangjin Wu (xwu) Young Wu (yw) Kyllan Wunder (kyllan) Brian Wylie (wylie) X Min Xiao (xiao) Ou Xie (ou) Tiankang Xie (tiankang) Tiancheng Xiong (tiancheng) Yunyang Xiong (yunyang) Chang Xu (changx) DANNY XU (dxu) Jia Xu (jiaxu) Jieping Xu (jieping) Jingcheng Xu (xjc) Kai Xu (xuk) Min Xu (xu) Minyi Xu (minyi) Tianyi Xu (tianyi) Yien Xu (yien) Yuqing Xu (yxu) Zhichen Xu (zhichen) Zhiting Xu (zhiting) Zhuoyan Xu (zxu444) Geoffrey Xue (gxue) Harry Xue (hxue) Y Andy Yaco-Mink (yacomink) Sujay Yadalam Sudarshan (sujayyadalam) Akshay Yadlapalli (yadlapalli) Brian Yandell (yandell) Bin Yang (biny) BO YANG (byang) Guohong Yang (guohong) Li Yang (yangli) Lu Yang (luyang) Miao Yang (miao) RAYMOND YANG (raymondy) Suli Yang (suli) Wanli Yang (ywl) Xiaoyi Yang (xiaoyi) Yiqing Yang (breakds) Yu-Lin Yang (yu-lin) Yuanzhuo Yang (yuanzhuo) Yucheng Yang (yuchey) Yao Yao (yaoy) Yao Yao (yyao) Lau Yat (yat) Chenhao Ye (chenhaoy) Ting Ye (tingye) Hwee Yeap (hwee) Vinod Yegneswaran (vinod) Galex Yen (galex) Luke Yen (lyen) Kim-Ee Yeoh (yeoh) Oguz Yetkin (yetkin) Yanyao Yi (yanyao) Lei Yin (lyin) Mingtian Yin (mingtian) Quan Yin (quan) Ruiqi Yin (ruiqiy) Zhongbin Yin (yin) Michael Yoder (yoderme) Hongil Yoon (ongal) Jae Young Yoon (jyoon) Jongwon Yoon (yoonj) Zach Yosick (yosick) Cooper Young (cyoung) Jiarui Yu (jyu) Jie-Bing Yu (jiebing) Jonathan Yu (jcy) PENG YU (pyu58) XIANGYAO YU (yxy) Ming Yuan (myuan) Wolong Yuan (wyuan) Kitty Yue (kyue) Z Golbon Zakeri (golbon) Omer Zaki (ozaki) Yucheng Zang (zang) Chester Zara (chester) Gerson Zaverucha (gerson) Matthew Zeidenberg (zeiden) Dalibor Zeleny (dalibor) Chen Zeng (zeng) Xinyu Zeng (xzeng) Johannes Zeppenfeld (zeppenfe) Yan Zhai (yanzhai) Fujie Zhan (fujie) Anru Zhang (anruzhang) CHUNMING ZHANG (cmzhang) Haojun Zhang (hzhang0418) Huizhi Zhang (huizhi) Jiasheng Zhang (jiasheng) Jin Zhang (zj) Jinzi Zhang (jinzi) Junfeng Zhang (junfeng) Kat Zhang (neko) Kelvin Zhang (kelvinz) Li Zhang (lizhang) Luwan Zhang (luwan) Ning Zhang (nzhang) OSCAR Zhang (ozhang) Su Zhang (zs) Tan Zhang (tzhang) Wei Zhang (wzh) Wei Zhang (zhangwei) Xiao Zhang (xlzhang) Xiaomin Zhang (xiaominz) Xuezhou Zhang (zhangxz1123) Yaqi Zhang (yaqi) Yiying Zhang (yyzhang) Yuhao Zhang (yuhaoz) Yunjia Zhang (yunjia) Yupu Zhang (yupu) Zhen Zhang (zhen) ZHENGJUN ZHANG (zjz) Zhuojun Zhang (morganz) Zuyu Zhang (zuyu) Hangdong Zhao (hangdong) Jinman Zhao (jz) Kai Da Zhao (kzhao32) Thomason Zhao (thomasonz) WEI ZHAO (wzhao) Yanlei Zhao (yanlei) Yi Zhao (zhao) Zheguang Zhao (zheguang) Zifeng Zhao (zifeng) Xingjian Zhen (zhenxingjian1995) Ling Zheng (lzheng) Yanbing Zheng (zhengy) Ye Zheng (yezheng) Yicun Zheng (yicun) Ying Zheng (fivefive) Zhi Zheng (zzheng) Min Zhong (zhong) Shawn Zhong (szhong) YIQIAO ZHONG (zhong35) Yiwu Zhong (yiwuzhong) Chen Zhou (chenzhou) Hao Zhou (hzhou) Peigen Zhou (peigen) Wei Zhou (zhou) Weipeng Zhou (weipeng) Zachary Zhou (zzhou) Anjun Zhu (anjun) JERRY ZHU (jerryzhu) JUN ZHU (jzhu) Shengqi Zhu (sqzhu) Kristin Ziel (ziel) Baiming Zou (baiming) Zonghao Zou (zonghaoz) QUINTIN ZUBELLA (quintin) Chen Zuo (zuo) Noah Zurn (zurn) Katelyn Zutter (zutter) Feedback, questions or accessibility issues: lab@cs.wisc.edu © 2015 Board of Regents of the University of Wisconsin System